SwiftName,xtable
SWIFTJ0001.0m0708,null
SWIFTJ0001.6m7701,null
SWIFTJ0002.5p0323,null
SWIFTJ0003.3p2737,null
SWIFTJ0005.0p7021,null
SWIFTJ0006.2p2012,https://irsa.ipac.caltech.edu/data/SPITZER/Enhanced/IRS/spectra/IRSX005200/r14448128/enhanced/SPITZER_S5_14448128_01_merge.tbl
SWIFTJ0009.4m0037,null
SWIFTJ0010.5p1057,https://irsa.ipac.caltech.edu/data/SPITZER/Enhanced/IRS/spectra/IRSX006000/r14188544/enhanced/SPITZER_S5_14188544_01_merge.tbl
SWIFTJ0017.1p8134,null
SWIFTJ0021.2m1909,null
SWIFTJ0025.8p6818,null
SWIFTJ0026.5m5308,null
SWIFTJ0029.2p1319,https://irsa.ipac.caltech.edu/data/SPITZER/Enhanced/IRS/spectra/IRSX007300/r10449408/enhanced/SPITZER_S5_10449408_01_merge.tbl
SWIFTJ0030.0m5904,null
SWIFTJ0033.6p6127,null
SWIFTJ0034.5m7904,null
SWIFTJ0034.6m0422,null
SWIFTJ0036.0p5951,null
SWIFTJ0036.3p4540,null
SWIFTJ0038.4p2337,null
SWIFTJ0041.0p2444,null
SWIFTJ0042.9m2332,https://irsa.ipac.caltech.edu/data/SPITZER/Enhanced/IRS/spectra/IRSX007700/r20342016/enhanced/SPITZER_S5_20342016_02_merge.tbl
SWIFTJ0042.9p3016A,null
SWIFTJ0042.9p3016B,null
SWIFTJ0042.9m1135,null
SWIFTJ0046.2m4008,null
SWIFTJ0048.8p3155,https://irsa.ipac.caltech.edu/data/SPITZER/Enhanced/IRS/spectra/IRSX008400/r17957376/enhanced/SPITZER_S5_17957376_01_merge.tbl
SWIFTJ0051.6p2928,null
SWIFTJ0051.9p1724,https://irsa.ipac.caltech.edu/data/SPITZER/Enhanced/IRS/spectra/IRSX006100/r14189056/enhanced/SPITZER_S5_14189056_01_merge.tbl
SWIFTJ0052.3m2730,null
SWIFTJ0054.9p2524,https://irsa.ipac.caltech.edu/data/SPITZER/Enhanced/IRS/spectra/IRSX002600/r4675072/enhanced/SPITZER_S5_4675072_01_merge.tbl
SWIFTJ0057.0p6405,null
SWIFTJ0059.4p3150,https://irsa.ipac.caltech.edu/data/SPITZER/Enhanced/IRS/spectra/IRSX009500/r26482944/enhanced/SPITZER_S5_26482944_01_merge.tbl
SWIFTJ0100.9m4750,null
SWIFTJ0101.5m0308,null
SWIFTJ0103.8m6437,null
SWIFTJ0105.5m4213,null
SWIFTJ0106.2m4704,null
SWIFTJ0105.7m1414,null
SWIFTJ0105.6m3433,null
SWIFTJ0106.8p0639,null
SWIFTJ0107.7m1137B,null
SWIFTJ0109.0p1320,https://irsa.ipac.caltech.edu/data/SPITZER/Enhanced/IRS/spectra/IRSX004300/r11295744/enhanced/SPITZER_S5_11295744_01_merge.tbl
SWIFTJ0111.4m3808,null
SWIFTJ0113.8p2515,null
SWIFTJ0113.8p1313,null
SWIFTJ0113.8m1450,null
SWIFTJ0114.5m3236,null
SWIFTJ0114.4m5522,https://irsa.ipac.caltech.edu/data/SPITZER/Enhanced/IRS/spectra/IRSX011400/r26482432/enhanced/SPITZER_S5_26482432_01_merge.tbl
SWIFTJ0116.3p3104,null
SWIFTJ0116.5m1235,null
SWIFTJ0122.0m2818,null
SWIFTJ0122.8p5003,null
SWIFTJ0122.9p3420,null
SWIFTJ0123.8m3504,https://irsa.ipac.caltech.edu/data/SPITZER/Enhanced/IRS/spectra/IRSX008300/r18525184/enhanced/SPITZER_S5_18525184_01_merge.tbl
SWIFTJ0123.9m5846,https://irsa.ipac.caltech.edu/data/SPITZER/Enhanced/IRS/spectra/IRSX002500/r4848128/enhanced/SPITZER_S5_4848128_01_merge.tbl
SWIFTJ0124.5p3350,null
SWIFTJ0126.0p3511,null
SWIFTJ0126.2p1517,null
SWIFTJ0127.5p1910,https://irsa.ipac.caltech.edu/data/SPITZER/Enhanced/IRS/spectra/IRSX006100/r14448384/enhanced/SPITZER_S5_14448384_01_merge.tbl
SWIFTJ0128.0m1850,null
SWIFTJ0128.4p1631,null
SWIFTJ0128.9m6039,null
SWIFTJ0130.0m4218,null
SWIFTJ0130.2m4552,null
SWIFTJ0131.8m3307,null
SWIFTJ0134.1m3625,https://irsa.ipac.caltech.edu/data/SPITZER/Enhanced/IRS/spectra/IRSX008300/r18945280/enhanced/SPITZER_S5_18945280_01_merge.tbl
SWIFTJ0134.8m0430,null
SWIFTJ0136.5p3906,null
SWIFTJ0138.6m4001,https://irsa.ipac.caltech.edu/data/SPITZER/Enhanced/IRS/spectra/IRSX008300/r18944768/enhanced/SPITZER_S5_18944768_01_merge.tbl
SWIFTJ0138.8p2925,null
SWIFTJ0140.6m5321,null
SWIFTJ0142.0p3922,null
SWIFTJ0149.2p2153A,null
SWIFTJ0149.2p2153B,null
SWIFTJ0149.9m5019,null
SWIFTJ0151.3m3610,null
SWIFTJ0152.8m0329,https://irsa.ipac.caltech.edu/data/SPITZER/Enhanced/IRS/spectra/IRSX009400/r26493184/enhanced/SPITZER_S5_26493184_01_merge.tbl
SWIFTJ0154.9m2707,null
SWIFTJ0155.4p0228,null
SWIFTJ0157.2p4715,null
SWIFTJ0200.3p2428,null
SWIFTJ0201.0m0648,https://irsa.ipac.caltech.edu/data/SPITZER/Enhanced/IRS/spectra/IRSX007200/r18944512/enhanced/SPITZER_S5_18944512_01_merge.tbl
SWIFTJ0202.4p6824A,null
SWIFTJ0202.4p6824B,null
SWIFTJ0203.1m2359,null
SWIFTJ0206.2m0019,https://irsa.ipac.caltech.edu/data/SPITZER/Enhanced/IRS/spectra/IRSX006100/r15076096/enhanced/SPITZER_S5_15076096_01_merge.tbl
SWIFTJ0207.0p2931,null
SWIFTJ0208.2p4452,null
SWIFTJ0208.5m1738,null
SWIFTJ0209.5m1010,https://irsa.ipac.caltech.edu/data/SPITZER/Enhanced/IRS/spectra/IRSX007800/r20336384/enhanced/SPITZER_S5_20336384_03_merge.tbl
SWIFTJ0209.7p5226,null
SWIFTJ0211.1m4944,null
SWIFTJ0213.7p5147,null
SWIFTJ0214.6m0049,https://irsa.ipac.caltech.edu/data/SPITZER/Enhanced/IRS/spectra/IRSX007800/r18508544/enhanced/SPITZER_S5_18508544_01_merge.tbl
SWIFTJ0214.9m6432,null
SWIFTJ0215.6m1301,https://irsa.ipac.caltech.edu/data/SPITZER/Enhanced/IRS/spectra/IRSX011900/r26418944/enhanced/SPITZER_S5_26418944_01_merge.tbl
SWIFTJ0216.3p5128,null
SWIFTJ0218.0p7348,null
SWIFTJ0222.6p5222,null
SWIFTJ0222.3p2509,null
SWIFTJ0223.4p4551,null
SWIFTJ0225.0m2312,null
SWIFTJ0225.0p1847,null
SWIFTJ0225.8m6315,null
SWIFTJ0226.4m2821,null
SWIFTJ0227.0p2346,null
SWIFTJ0228.1p3118,null
SWIFTJ0230.2m0900,https://irsa.ipac.caltech.edu/data/SPITZER/Enhanced/IRS/spectra/IRSX005300/r14447872/enhanced/SPITZER_S5_14447872_01_merge.tbl
SWIFTJ0231.6m3645,https://irsa.ipac.caltech.edu/data/SPITZER/Enhanced/IRS/spectra/IRSX009500/r26485248/enhanced/SPITZER_S5_26485248_01_merge.tbl
SWIFTJ0232.8p2020,null
SWIFTJ0234.1p3233,https://irsa.ipac.caltech.edu/data/SPITZER/Enhanced/IRS/spectra/IRSX009500/r26485760/enhanced/SPITZER_S5_26485760_01_merge.tbl
SWIFTJ0234.6m0848,https://irsa.ipac.caltech.edu/data/SPITZER/Enhanced/IRS/spectra/IRSX004300/r13022720/enhanced/SPITZER_S5_13022720_01_merge.tbl
SWIFTJ0235.3m2934,null
SWIFTJ0238.2m5213,https://irsa.ipac.caltech.edu/data/SPITZER/Enhanced/IRS/spectra/IRSX010700/r26491904/enhanced/SPITZER_S5_26491904_01_merge.tbl
SWIFTJ0238.5m6119,null
SWIFTJ0238.8m4039,null
SWIFTJ0241.3m0816,https://irsa.ipac.caltech.edu/data/SPITZER/Enhanced/IRS/spectra/IRSX007400/r18258688/enhanced/SPITZER_S5_18258688_01_merge.tbl
SWIFTJ0241.6p0711,null
SWIFTJ0242.0p0516,null
SWIFTJ0242.2p0531,null
SWIFTJ0242.6p0000,null
SWIFTJ0243.9p5324,null
SWIFTJ0244.7m2433,null
SWIFTJ0244.8p6227,null
SWIFTJ0245.2p1047,null
SWIFTJ0249.1p2627,null
SWIFTJ0250.4p4648,null
SWIFTJ0251.3p5441,null
SWIFTJ0250.7p4142,null
SWIFTJ0251.6m1639,null
SWIFTJ0252.1m6758,null
SWIFTJ0252.3p4312,null
SWIFTJ0252.7m0822,null
SWIFTJ0255.2m0011,null
SWIFTJ0256.4m3212,https://irsa.ipac.caltech.edu/data/SPITZER/Enhanced/IRS/spectra/IRSX009500/r26486784/enhanced/SPITZER_S5_26486784_01_merge.tbl
SWIFTJ0259.9p4419,null
SWIFTJ0300.0m1048,null
SWIFTJ0304.1m0108,null
SWIFTJ0308.5m7251,null
SWIFTJ0308.2m2258,null
SWIFTJ0311.1p3241,null
SWIFTJ0311.5m2045,null
SWIFTJ0311.8m7653,null
SWIFTJ0311.9p5032,null
SWIFTJ0312.9p4121,null
SWIFTJ0317.2p0116,null
SWIFTJ0318.7p6828,null
SWIFTJ0319.7p4132,https://irsa.ipac.caltech.edu/data/SPITZER/Enhanced/IRS/spectra/IRSX003700/r3753984/enhanced/SPITZER_S5_3753984_01_merge.tbl
SWIFTJ0324.8p3410,null
SWIFTJ0325.0m4154,null
SWIFTJ0324.9p4044,null
SWIFTJ0326.0m5633,null
SWIFTJ0328.4m2846,null
SWIFTJ0331.3p0538,null
SWIFTJ0331.4m0510,null
SWIFTJ0333.3p3720,null
SWIFTJ0333.6m3607,https://irsa.ipac.caltech.edu/data/SPITZER/Enhanced/IRS/spectra/IRSX002600/r8767232/enhanced/SPITZER_S5_8767232_01_merge.tbl
SWIFTJ0334.4m1515,null
SWIFTJ0335.4p1907,null
SWIFTJ0336.6p3217,null
SWIFTJ0342.0m2115,https://irsa.ipac.caltech.edu/data/SPITZER/Enhanced/IRS/spectra/IRSX008400/r18943744/enhanced/SPITZER_S5_18943744_01_merge.tbl
SWIFTJ0345.2m3935,null
SWIFTJ0347.0m3027,null
SWIFTJ0349.2m1159,null
SWIFTJ0350.1m5019,https://irsa.ipac.caltech.edu/data/SPITZER/Enhanced/IRS/spectra/IRSX009400/r26496512/enhanced/SPITZER_S5_26496512_01_merge.tbl
SWIFTJ0351.7m4030,null
SWIFTJ0353.4m6830,null
SWIFTJ0353.7p3711,null
SWIFTJ0354.2p0250,https://irsa.ipac.caltech.edu/data/SPITZER/Enhanced/IRS/spectra/IRSX006100/r4737792/enhanced/SPITZER_S5_4737792_01_merge.tbl
SWIFTJ0357.5m6255,null
SWIFTJ0356.9m4041,null
SWIFTJ0357.6p4153,null
SWIFTJ0359.0m3015A,null
SWIFTJ0359.0m3015B,null
SWIFTJ0359.7p5058,null
SWIFTJ0402.4m1807,https://irsa.ipac.caltech.edu/data/SPITZER/Enhanced/IRS/spectra/IRSX009500/r26489600/enhanced/SPITZER_S5_26489600_01_merge.tbl
SWIFTJ0404.0m3604,null
SWIFTJ0405.3m3707,null
SWIFTJ0405.5m1307,null
SWIFTJ0407.4p0339,null
SWIFTJ0413.3p1659,null
SWIFTJ0413.8p1112,https://irsa.ipac.caltech.edu/data/SPITZER/Enhanced/IRS/spectra/IRSX004500/r10826752/enhanced/SPITZER_S5_10826752_01_merge.tbl
SWIFTJ0414.8m0754,null
SWIFTJ0418.3p3800,null
SWIFTJ0420.0m5457,null
SWIFTJ0422.7m5611,https://irsa.ipac.caltech.edu/data/SPITZER/Enhanced/IRS/spectra/IRSX009400/r26498816/enhanced/SPITZER_S5_26498816_01_merge.tbl
SWIFTJ0423.5p0414,null
SWIFTJ0426.2m5711,null
SWIFTJ0427.6m1201,null
SWIFTJ0428.2m6704B,null
SWIFTJ0429.6m2114,null
SWIFTJ0433.0p0521,https://irsa.ipac.caltech.edu/data/SPITZER/Enhanced/IRS/spectra/IRSX009800/r18505216/enhanced/SPITZER_S5_18505216_01_merge.tbl
SWIFTJ0433.5m5846,null
SWIFTJ0436.3m1022,null
SWIFTJ0437.4m4713,null
SWIFTJ0438.2m1048,https://irsa.ipac.caltech.edu/data/SPITZER/Enhanced/IRS/spectra/IRSX010700/r26498560/enhanced/SPITZER_S5_26498560_01_merge.tbl
SWIFTJ0440.2m5941,null
SWIFTJ0440.9p2741,null
SWIFTJ0441.2m2704,null
SWIFTJ0441.8m0823,null
SWIFTJ0443.9p2856,null
SWIFTJ0444.1p2813,null
SWIFTJ0445.0m2816,https://irsa.ipac.caltech.edu/data/SPITZER/Enhanced/IRS/spectra/IRSX010700/r26415872/enhanced/SPITZER_S5_26415872_01_merge.tbl
SWIFTJ0446.4p1828,null
SWIFTJ0449.6m5515,null
SWIFTJ0451.4m0346,https://irsa.ipac.caltech.edu/data/SPITZER/Enhanced/IRS/spectra/IRSX010700/r26487296/enhanced/SPITZER_S5_26487296_01_merge.tbl
SWIFTJ0450.7m5813,null
SWIFTJ0452.2p4933,null
SWIFTJ0453.4p0404,https://irsa.ipac.caltech.edu/data/SPITZER/Enhanced/IRS/spectra/IRSX010600/r26482176/enhanced/SPITZER_S5_26482176_01_merge.tbl
SWIFTJ0454.6m4315,null
SWIFTJ0456.3m7532,null
SWIFTJ0459.9p2703,null
SWIFTJ0459.7p3502,null
SWIFTJ0502.1p0332,null
SWIFTJ0503.0p2302,null
SWIFTJ0504.6m7345,null
SWIFTJ0505.6m6735,null
SWIFTJ0505.8m2351,https://irsa.ipac.caltech.edu/data/SPITZER/Enhanced/IRS/spectra/IRSX010600/r26490368/enhanced/SPITZER_S5_26490368_01_merge.tbl
SWIFTJ0507.7p6732,null
SWIFTJ0508.1p1727,https://irsa.ipac.caltech.edu/data/SPITZER/Enhanced/IRS/spectra/IRSX007500/r20322048/enhanced/SPITZER_S5_20322048_01_merge.tbl
SWIFTJ0510.7p1629,null
SWIFTJ0512.1m1830,null
SWIFTJ0513.8p6627,null
SWIFTJ0515.3p1854,null
SWIFTJ0516.2m0009,https://irsa.ipac.caltech.edu/data/SPITZER/Enhanced/IRS/spectra/IRSX009800/r18941440/enhanced/SPITZER_S5_18941440_01_merge.tbl
SWIFTJ0516.3p1928,null
SWIFTJ0516.4m1034,null
SWIFTJ0501.9m3239,null
SWIFTJ0519.5m4545,https://irsa.ipac.caltech.edu/data/SPITZER/Enhanced/IRS/spectra/IRSX002900/r4673792/enhanced/SPITZER_S5_4673792_01_merge.tbl
SWIFTJ0521.0m2522,https://irsa.ipac.caltech.edu/data/SPITZER/Enhanced/IRS/spectra/IRSX011100/r32513792/enhanced/SPITZER_S5_32513792_01_merge.tbl
SWIFTJ0519.5m3140,https://irsa.ipac.caltech.edu/data/SPITZER/Enhanced/IRS/spectra/IRSX002600/r4674048/enhanced/SPITZER_S5_4674048_01_merge.tbl
SWIFTJ0524.1m1210,https://irsa.ipac.caltech.edu/data/SPITZER/Enhanced/IRS/spectra/IRSX010700/r26497536/enhanced/SPITZER_S5_26497536_01_merge.tbl
SWIFTJ0525.1m2339,null
SWIFTJ0525.3m4600,null
SWIFTJ0526.2m2118,null
SWIFTJ0528.1m3933,null
SWIFTJ0530.8p1333,https://irsa.ipac.caltech.edu/data/SPITZER/Enhanced/IRS/spectra/IRSX010700/r27430912/enhanced/SPITZER_S5_27430912_01_merge.tbl
SWIFTJ0532.9p1343,null
SWIFTJ0533.9m1318,null
SWIFTJ0535.4p4013,null
SWIFTJ0539.9m2839,null
SWIFTJ0543.9m2749,null
SWIFTJ0544.4m4328,null
SWIFTJ0544.4p5909,null
SWIFTJ0547.3p5042,null
SWIFTJ0548.4m4748,null
SWIFTJ0550.7m3212A,null
SWIFTJ0552.2m0727,https://irsa.ipac.caltech.edu/data/SPITZER/Enhanced/IRS/spectra/IRSX002900/r4851456/enhanced/SPITZER_S5_4851456_01_merge.tbl
SWIFTJ0552.5p5929,null
SWIFTJ0554.8p4625,null
SWIFTJ0555.5p3946,null
SWIFTJ0557.9m3822,https://irsa.ipac.caltech.edu/data/SPITZER/Enhanced/IRS/spectra/IRSX009800/r18943232/enhanced/SPITZER_S5_18943232_01_merge.tbl
SWIFTJ0559.8m5028,https://irsa.ipac.caltech.edu/data/SPITZER/Enhanced/IRS/spectra/IRSX002900/r4676608/enhanced/SPITZER_S5_4676608_01_merge.tbl
SWIFTJ0600.7p0008,null
SWIFTJ0602.2p2829,null
SWIFTJ0602.5p6518,null
SWIFTJ0606.0m2755,null
SWIFTJ0601.9m8636,https://irsa.ipac.caltech.edu/data/SPITZER/Enhanced/IRS/spectra/IRSX007500/r18947328/enhanced/SPITZER_S5_18947328_01_merge.tbl
SWIFTJ0609.5m6245A,null
SWIFTJ0609.5m6245B,null
SWIFTJ0612.2m4645,null
SWIFTJ0615.8p7101,https://irsa.ipac.caltech.edu/data/SPITZER/Enhanced/IRS/spectra/IRSX002800/r3753472/enhanced/SPITZER_S5_3753472_01_merge.tbl
SWIFTJ0623.3m6438,null
SWIFTJ0623.8p6445,null
SWIFTJ0623.9m6058,https://irsa.ipac.caltech.edu/data/SPITZER/Enhanced/IRS/spectra/IRSX010400/r26484224/enhanced/SPITZER_S5_26484224_01_merge.tbl
SWIFTJ0623.8m3215,https://irsa.ipac.caltech.edu/data/SPITZER/Enhanced/IRS/spectra/IRSX010700/r26495232/enhanced/SPITZER_S5_26495232_01_merge.tbl
SWIFTJ0626.6p0729,null
SWIFTJ0626.6m3702,null
SWIFTJ0630.7p6342,https://irsa.ipac.caltech.edu/data/SPITZER/Enhanced/IRS/spectra/IRSX009900/r18853376/enhanced/SPITZER_S5_18853376_01_merge.tbl
SWIFTJ0632.8p6343,null
SWIFTJ0634.7m7445,null
SWIFTJ0635.8m7514,null
SWIFTJ0640.4m2554,null
SWIFTJ0640.0m4737,null
SWIFTJ0640.1m4328,null
SWIFTJ0641.3p3257,null
SWIFTJ0645.9p5303,null
SWIFTJ0651.9p7426,null
SWIFTJ0654.6p0700,null
SWIFTJ0655.8p3957,https://irsa.ipac.caltech.edu/data/SPITZER/Enhanced/IRS/spectra/IRSX010700/r26493696/enhanced/SPITZER_S5_26493696_01_merge.tbl
SWIFTJ0656.4m4921,null
SWIFTJ0659.3p2406,null
SWIFTJ0701.3m3235,null
SWIFTJ0707.1p6433,null
SWIFTJ0709.0m4642,null
SWIFTJ0709.3m1527,null
SWIFTJ0709.4m3559,null
SWIFTJ0710.3p5908,null
SWIFTJ0714.2p3518,null
SWIFTJ0714.3p4541,null
SWIFTJ0714.7m2521,null
SWIFTJ0718.1p4403,null
SWIFTJ0723.8m0804,null
SWIFTJ0725.7m0055,null
SWIFTJ0725.8p3000,https://irsa.ipac.caltech.edu/data/SPITZER/Enhanced/IRS/spectra/IRSX008100/r19165184/enhanced/SPITZER_S5_19165184_01_merge.tbl
SWIFTJ0726.6m3552,null
SWIFTJ0726.5p3659,null
SWIFTJ0727.4m2408,null
SWIFTJ0733.2p4558,null
SWIFTJ0733.9p5156,null
SWIFTJ0736.9p5846,null
SWIFTJ0739.7m3142,null
SWIFTJ0741.4m5447,null
SWIFTJ0742.3p8024,null
SWIFTJ0742.5p4948,null
SWIFTJ0743.0p6513,https://irsa.ipac.caltech.edu/data/SPITZER/Enhanced/IRS/spectra/IRSX010800/r25407232/enhanced/SPITZER_S5_25407232_01_merge.tbl
SWIFTJ0743.3m2546,null
SWIFTJ0744.0p2914,null
SWIFTJ0746.3p2548,null
SWIFTJ0747.5p6057,https://irsa.ipac.caltech.edu/data/SPITZER/Enhanced/IRS/spectra/IRSX010700/r26498304/enhanced/SPITZER_S5_26498304_01_merge.tbl
SWIFTJ0747.6m7326,null
SWIFTJ0752.2p1937,null
SWIFTJ0753.1p4559,null
SWIFTJ0755.4p8402,null
SWIFTJ0756.3m4137,null
SWIFTJ0759.8m3844,null
SWIFTJ0800.5p2327,https://irsa.ipac.caltech.edu/data/SPITZER/Enhanced/IRS/spectra/IRSX010700/r26496000/enhanced/SPITZER_S5_26496000_01_merge.tbl
SWIFTJ0800.1p2638,https://irsa.ipac.caltech.edu/data/SPITZER/Enhanced/IRS/spectra/IRSX008100/r18971136/enhanced/SPITZER_S5_18971136_01_merge.tbl
SWIFTJ0801.9m4946,null
SWIFTJ0803.4p0842,null
SWIFTJ0804.2p0507,https://irsa.ipac.caltech.edu/data/SPITZER/Enhanced/IRS/spectra/IRSX010800/r25408256/enhanced/SPITZER_S5_25408256_01_merge.tbl
SWIFTJ0804.6p1045,null
SWIFTJ0805.1m0110,null
SWIFTJ0805.2p6145,null
SWIFTJ0807.9p3859,https://irsa.ipac.caltech.edu/data/SPITZER/Enhanced/IRS/spectra/IRSX004800/r10869248/enhanced/SPITZER_S5_10869248_01_merge.tbl
SWIFTJ0810.9p7602,https://irsa.ipac.caltech.edu/data/SPITZER/Enhanced/IRS/spectra/IRSX002800/r9074944/enhanced/SPITZER_S5_9074944_01_merge.tbl
SWIFTJ0812.3m4004,null
SWIFTJ0814.3p0423,null
SWIFTJ0817.8p0251,null
SWIFTJ0818.1p0120,null
SWIFTJ0819.2m2259,null
SWIFTJ0823.4m0457,null
SWIFTJ0830.1p4154,null
SWIFTJ0830.4m6723,null
SWIFTJ0832.5p3703,null
SWIFTJ0838.4m3557,null
SWIFTJ0839.6m1213,null
SWIFTJ0840.2p2947,null
SWIFTJ0841.4p7052,null
SWIFTJ0842.0p0759,null
SWIFTJ0843.5p3551,null
SWIFTJ0845.0m3531,null
SWIFTJ0845.3p1420,null
SWIFTJ0854.3m0827,null
SWIFTJ0855.6p6425,null
SWIFTJ0855.7m2856,null
SWIFTJ0856.0p7812,https://irsa.ipac.caltech.edu/data/SPITZER/Enhanced/IRS/spectra/IRSX010000/r22079488/enhanced/SPITZER_S5_22079488_01_merge.tbl
SWIFTJ0859.5p4457,null
SWIFTJ0902.0p6007,https://irsa.ipac.caltech.edu/data/SPITZER/Enhanced/IRS/spectra/IRSX008100/r18944000/enhanced/SPITZER_S5_18944000_01_merge.tbl
SWIFTJ0902.7m6816,null
SWIFTJ0902.7m4814,null
SWIFTJ0902.8m7414,null
SWIFTJ0904.3p5538,https://irsa.ipac.caltech.edu/data/SPITZER/Enhanced/IRS/spectra/IRSX010400/r26495744/enhanced/SPITZER_S5_26495744_01_merge.tbl
SWIFTJ0909.0p0358,null
SWIFTJ0911.2p4533,https://irsa.ipac.caltech.edu/data/SPITZER/Enhanced/IRS/spectra/IRSX010400/r26496256/enhanced/SPITZER_S5_26496256_01_merge.tbl
SWIFTJ0917.2m6221,null
SWIFTJ0917.2m6457,null
SWIFTJ0918.5p1618,null
SWIFTJ0919.2p5528,https://irsa.ipac.caltech.edu/data/SPITZER/Enhanced/IRS/spectra/IRSX006700/r15082496/enhanced/SPITZER_S5_15082496_01_merge.tbl
SWIFTJ0920.1p3712,null
SWIFTJ0920.8m0805,https://irsa.ipac.caltech.edu/data/SPITZER/Enhanced/IRS/spectra/IRSX008200/r18945024/enhanced/SPITZER_S5_18945024_01_merge.tbl
SWIFTJ0923.6m2136,null
SWIFTJ0923.7p2255,https://irsa.ipac.caltech.edu/data/SPITZER/Enhanced/IRS/spectra/IRSX010800/r26491392/enhanced/SPITZER_S5_26491392_01_merge.tbl
SWIFTJ0924.2m3141,null
SWIFTJ0925.2m8423,null
SWIFTJ0925.0p5218,https://irsa.ipac.caltech.edu/data/SPITZER/Enhanced/IRS/spectra/IRSX006700/r14189824/enhanced/SPITZER_S5_14189824_01_merge.tbl
SWIFTJ0926.1p6931,null
SWIFTJ0926.2p1244,https://irsa.ipac.caltech.edu/data/SPITZER/Enhanced/IRS/spectra/IRSX006700/r14203392/enhanced/SPITZER_S5_14203392_01_merge.tbl
SWIFTJ0927.3p2301,null
SWIFTJ0929.7p6232,null
SWIFTJ0934.7m2156,null
SWIFTJ0935.5p2616,null
SWIFTJ0935.9p6120,https://irsa.ipac.caltech.edu/data/SPITZER/Enhanced/IRS/spectra/IRSX002900/r4973056/enhanced/SPITZER_S5_4973056_01_merge.tbl
SWIFTJ0936.2m6553,null
SWIFTJ0942.2p2344,null
SWIFTJ0945.6m1420,https://irsa.ipac.caltech.edu/data/SPITZER/Enhanced/IRS/spectra/IRSX006000/r4934144/enhanced/SPITZER_S5_4934144_01_merge.tbl
SWIFTJ0947.6m3057,https://irsa.ipac.caltech.edu/data/SPITZER/Enhanced/IRS/spectra/IRSX011600/r26484992/enhanced/SPITZER_S5_26484992_01_merge.tbl
SWIFTJ0947.7p0726,null
SWIFTJ0950.5p7318,null
SWIFTJ0951.9m0649,null
SWIFTJ0952.3m6234,null
SWIFTJ0955.5p6907,null
SWIFTJ0959.5m2248,https://irsa.ipac.caltech.edu/data/SPITZER/Enhanced/IRS/spectra/IRSX008200/r18509824/enhanced/SPITZER_S5_18509824_01_merge.tbl
SWIFTJ0959.9p1303,null
SWIFTJ0959.7m3112,null
SWIFTJ1001.8p2848,https://irsa.ipac.caltech.edu/data/SPITZER/Enhanced/IRS/spectra/IRSX004800/r11305728/enhanced/SPITZER_S5_11305728_01_merge.tbl
SWIFTJ1001.7p5543,https://irsa.ipac.caltech.edu/data/SPITZER/Enhanced/IRS/spectra/IRSX003000/r3755520/enhanced/SPITZER_S5_3755520_01_merge.tbl
SWIFTJ1003.4m3726,null
SWIFTJ1005.9m2305,null
SWIFTJ1007.4p6534,null
SWIFTJ1008.6m0955,null
SWIFTJ1009.3m4250,null
SWIFTJ1013.5m3601,https://irsa.ipac.caltech.edu/data/SPITZER/Enhanced/IRS/spectra/IRSX011600/r26497792/enhanced/SPITZER_S5_26497792_01_merge.tbl
SWIFTJ1017.0m0404,null
SWIFTJ1020.5m0237A,null
SWIFTJ1020.5m0237B,null
SWIFTJ1021.7m0327,null
SWIFTJ1023.5p1952,https://irsa.ipac.caltech.edu/data/SPITZER/Enhanced/IRS/spectra/IRSX006000/r4934656/enhanced/SPITZER_S5_4934656_01_merge.tbl
SWIFTJ1029.8m3821,null
SWIFTJ1031.5m4205,null
SWIFTJ1031.5p5051,null
SWIFTJ1031.9m1418,null
SWIFTJ1031.7m3451,https://irsa.ipac.caltech.edu/data/SPITZER/Enhanced/IRS/spectra/IRSX008200/r22082560/enhanced/SPITZER_S5_22082560_01_merge.tbl
SWIFTJ1032.7m2835,null
SWIFTJ1033.6p7303,null
SWIFTJ1033.8p5257,null
SWIFTJ1038.8m4942,null
SWIFTJ1040.7m4619,null
SWIFTJ1041.4m1740,null
SWIFTJ1042.4p0046,null
SWIFTJ1043.4p1105,null
SWIFTJ1044.1p7024,null
SWIFTJ1044.8p3812,null
SWIFTJ1045.3m6024,null
SWIFTJ1046.8p2556,null
SWIFTJ1048.4m2511,https://irsa.ipac.caltech.edu/data/SPITZER/Enhanced/IRS/spectra/IRSX008200/r18510336/enhanced/SPITZER_S5_18510336_01_merge.tbl
SWIFTJ1049.4p2258,https://irsa.ipac.caltech.edu/data/SPITZER/Enhanced/IRS/spectra/IRSX008200/r18946048/enhanced/SPITZER_S5_18946048_01_merge.tbl
SWIFTJ1051.2m1704A,null
SWIFTJ1051.2m1704B,null
SWIFTJ1052.8p1043,null
SWIFTJ1059.8p6507,https://irsa.ipac.caltech.edu/data/SPITZER/Enhanced/IRS/spectra/IRSX010300/r22120192/enhanced/SPITZER_S5_22120192_01_merge.tbl
SWIFTJ1100.9p1104,null
SWIFTJ1103.4p3731,null
SWIFTJ1103.5m2329,null
SWIFTJ1104.4p3812,https://irsa.ipac.caltech.edu/data/SPITZER/Enhanced/IRS/spectra/IRSX003100/r4676352/enhanced/SPITZER_S5_4676352_01_merge.tbl
SWIFTJ1105.7p5854A,null
SWIFTJ1105.7p5854B,null
SWIFTJ1106.5p7234,null
SWIFTJ1110.6m2832,null
SWIFTJ1113.6p0936,null
SWIFTJ1114.3p2020,null
SWIFTJ1114.3p7944,null
SWIFTJ1115.3p5423,null
SWIFTJ1119.5p5132,null
SWIFTJ1120.8m4316,null
SWIFTJ1125.6p5423,null
SWIFTJ1126.7p3514,null
SWIFTJ1127.5p1906,null
SWIFTJ1130.1m1447,null
SWIFTJ1131.9m1233,null
SWIFTJ1132.7p5301,null
SWIFTJ1132.9p1019A,null
SWIFTJ1132.9p1019B,null
SWIFTJ1136.7p6738,null
SWIFTJ1136.0p2132,null
SWIFTJ1136.7m6007,null
SWIFTJ1138.9p2529A,null
SWIFTJ1138.9p2529B,null
SWIFTJ1139.1p5913,null
SWIFTJ1139.0m2323,null
SWIFTJ1139.0m3743,https://irsa.ipac.caltech.edu/data/SPITZER/Enhanced/IRS/spectra/IRSX006900/r4852736/enhanced/SPITZER_S5_4852736_01_merge.tbl
SWIFTJ1139.8p3157,https://irsa.ipac.caltech.edu/data/SPITZER/Enhanced/IRS/spectra/IRSX005000/r10871808/enhanced/SPITZER_S5_10871808_01_merge.tbl
SWIFTJ1141.3p2156,null
SWIFTJ1142.2p1021,null
SWIFTJ1144.1p3652,null
SWIFTJ1143.7p7942,https://irsa.ipac.caltech.edu/data/SPITZER/Enhanced/IRS/spectra/IRSX010400/r26483712/enhanced/SPITZER_S5_26483712_01_merge.tbl
SWIFTJ1145.6m1819,https://irsa.ipac.caltech.edu/data/SPITZER/Enhanced/IRS/spectra/IRSX011400/r26484736/enhanced/SPITZER_S5_26484736_01_merge.tbl
SWIFTJ1145.2p5905,null
SWIFTJ1145.6m6956,null
SWIFTJ1148.3p0901,null
SWIFTJ1148.7p2941,null
SWIFTJ1149.3m0414,null
SWIFTJ1149.3p5307,null
SWIFTJ1152.1m1122,https://irsa.ipac.caltech.edu/data/SPITZER/Enhanced/IRS/spectra/IRSX005200/r14194176/enhanced/SPITZER_S5_14194176_01_merge.tbl
SWIFTJ1152.6m0512,null
SWIFTJ1153.6p4931,https://irsa.ipac.caltech.edu/data/SPITZER/Enhanced/IRS/spectra/IRSX010100/r22200576/enhanced/SPITZER_S5_22200576_01_merge.tbl
SWIFTJ1157.8p5529,https://irsa.ipac.caltech.edu/data/SPITZER/Enhanced/IRS/spectra/IRSX004100/r10512896/enhanced/SPITZER_S5_10512896_01_merge.tbl
SWIFTJ1158.9p4234,null
SWIFTJ1159.7m2002,null
SWIFTJ1200.8p0650,https://irsa.ipac.caltech.edu/data/SPITZER/Enhanced/IRS/spectra/IRSX011400/r26484480/enhanced/SPITZER_S5_26484480_01_merge.tbl
SWIFTJ1201.2m0341,null
SWIFTJ1200.2m5350,null
SWIFTJ1203.0p4433,https://irsa.ipac.caltech.edu/data/SPITZER/Enhanced/IRS/spectra/IRSX006000/r14449152/enhanced/SPITZER_S5_14449152_01_merge.tbl
SWIFTJ1204.5p2019,https://irsa.ipac.caltech.edu/data/SPITZER/Enhanced/IRS/spectra/IRSX011400/r26483456/enhanced/SPITZER_S5_26483456_01_merge.tbl
SWIFTJ1204.8p2758,https://irsa.ipac.caltech.edu/data/SPITZER/Enhanced/IRS/spectra/IRSX006800/r14194432/enhanced/SPITZER_S5_14194432_01_merge.tbl
SWIFTJ1204.9p3105,https://irsa.ipac.caltech.edu/data/SPITZER/Enhanced/IRS/spectra/IRSX005000/r10870272/enhanced/SPITZER_S5_10870272_01_merge.tbl
SWIFTJ1205.8p4959,null
SWIFTJ1206.2p5243,https://irsa.ipac.caltech.edu/data/SPITZER/Enhanced/IRS/spectra/IRSX008100/r18941952/enhanced/SPITZER_S5_18941952_01_merge.tbl
SWIFTJ1207.5p3355,null
SWIFTJ1209.5p4702,null
SWIFTJ1209.4p4340,https://irsa.ipac.caltech.edu/data/SPITZER/Enhanced/IRS/spectra/IRSX010100/r22914304/enhanced/SPITZER_S5_22914304_01_merge.tbl
SWIFTJ1210.1m4637,null
SWIFTJ1210.5p3924,https://irsa.ipac.caltech.edu/data/SPITZER/Enhanced/IRS/spectra/IRSX002600/r3754496/enhanced/SPITZER_S5_3754496_01_merge.tbl
SWIFTJ1210.7p3819,null
SWIFTJ1211.3m3935,null
SWIFTJ1212.9p0702,null
SWIFTJ1213.1p3239A,null
SWIFTJ1213.1p3239B,null
SWIFTJ1213.9m0531,null
SWIFTJ1214.3p2933,null
SWIFTJ1217.2m2611,null
SWIFTJ1217.3p0714,https://irsa.ipac.caltech.edu/data/SPITZER/Enhanced/IRS/spectra/IRSX008200/r22086144/enhanced/SPITZER_S5_22086144_01_merge.tbl
SWIFTJ1218.5p2952,https://irsa.ipac.caltech.edu/data/SPITZER/Enhanced/IRS/spectra/IRSX006800/r14448896/enhanced/SPITZER_S5_14448896_01_merge.tbl
SWIFTJ1219.4p4720,https://irsa.ipac.caltech.edu/data/SPITZER/Enhanced/IRS/spectra/IRSX008200/r18526208/enhanced/SPITZER_S5_18526208_01_merge.tbl
SWIFTJ1221.3p3012,null
SWIFTJ1222.4p7520,null
SWIFTJ1222.4p0414,null
SWIFTJ1223.7p0238,https://irsa.ipac.caltech.edu/data/SPITZER/Enhanced/IRS/spectra/IRSX009400/r26496768/enhanced/SPITZER_S5_26496768_01_merge.tbl
SWIFTJ1224.9p2122,https://irsa.ipac.caltech.edu/data/SPITZER/Enhanced/IRS/spectra/IRSX010100/r18981632/enhanced/SPITZER_S5_18981632_01_merge.tbl
SWIFTJ1225.8p1240,https://irsa.ipac.caltech.edu/data/SPITZER/Enhanced/IRS/spectra/IRSX008200/r18510848/enhanced/SPITZER_S5_18510848_01_merge.tbl
SWIFTJ1202.5p3332,https://irsa.ipac.caltech.edu/data/SPITZER/Enhanced/IRS/spectra/IRSX008200/r17792256/enhanced/SPITZER_S5_17792256_01_merge.tbl
SWIFTJ1229.1p0202,https://irsa.ipac.caltech.edu/data/SPITZER/Enhanced/IRS/spectra/IRSX002600/r4978176/enhanced/SPITZER_S5_4978176_01_merge.tbl
SWIFTJ1231.4p5758,null
SWIFTJ1232.0m4802,null
SWIFTJ1232.1p2009,https://irsa.ipac.caltech.edu/data/SPITZER/Enhanced/IRS/spectra/IRSX006100/r14194944/enhanced/SPITZER_S5_14194944_01_merge.tbl
SWIFTJ1232.0m4219,null
SWIFTJ1235.6m3954,https://irsa.ipac.caltech.edu/data/SPITZER/Enhanced/IRS/spectra/IRSX008300/r18511104/enhanced/SPITZER_S5_18511104_01_merge.tbl
SWIFTJ1238.6p0928,https://irsa.ipac.caltech.edu/data/SPITZER/Enhanced/IRS/spectra/IRSX008200/r18969344/enhanced/SPITZER_S5_18969344_01_merge.tbl
SWIFTJ1238.9m2720,https://irsa.ipac.caltech.edu/data/SPITZER/Enhanced/IRS/spectra/IRSX008300/r18941696/enhanced/SPITZER_S5_18941696_01_merge.tbl
SWIFTJ1239.3m1611,null
SWIFTJ1239.6m0519,https://irsa.ipac.caltech.edu/data/SPITZER/Enhanced/IRS/spectra/IRSX005200/r4853504/enhanced/SPITZER_S5_4853504_01_merge.tbl
SWIFTJ1240.2p3457A,null
SWIFTJ1240.2p3457B,null
SWIFTJ1240.9m3331,null
SWIFTJ1240.9p2735,null
SWIFTJ1241.6m5748,null
SWIFTJ1246.6p5435,https://irsa.ipac.caltech.edu/data/SPITZER/Enhanced/IRS/spectra/IRSX010400/r26492160/enhanced/SPITZER_S5_26492160_01_merge.tbl
SWIFTJ1248.2m5828,null
SWIFTJ1252.3m1323,null
SWIFTJ1253.5m4137,null
SWIFTJ1255.0m2657,null
SWIFTJ1256.2m0551,https://irsa.ipac.caltech.edu/data/SPITZER/Enhanced/IRS/spectra/IRSX012000/r27437312/enhanced/SPITZER_S5_27437312_01_merge.tbl
SWIFTJ1300.1p1635,https://irsa.ipac.caltech.edu/data/SPITZER/Enhanced/IRS/spectra/IRSX003300/r4165120/enhanced/SPITZER_S5_4165120_01_merge.tbl
SWIFTJ1302.9p1620,null
SWIFTJ1303.8p5345,https://irsa.ipac.caltech.edu/data/SPITZER/Enhanced/IRS/spectra/IRSX010400/r26498048/enhanced/SPITZER_S5_26498048_01_merge.tbl
SWIFTJ1304.3m0532,https://irsa.ipac.caltech.edu/data/SPITZER/Enhanced/IRS/spectra/IRSX003500/r4854016/enhanced/SPITZER_S5_4854016_01_merge.tbl
SWIFTJ1304.3m1022,https://irsa.ipac.caltech.edu/data/SPITZER/Enhanced/IRS/spectra/IRSX002600/r4853760/enhanced/SPITZER_S5_4853760_01_merge.tbl
SWIFTJ1305.4m4928,https://irsa.ipac.caltech.edu/data/SPITZER/Enhanced/IRS/spectra/IRSX003400/r8768000/enhanced/SPITZER_S5_8768000_01_merge.tbl
SWIFTJ1305.4m1034,https://irsa.ipac.caltech.edu/data/SPITZER/Enhanced/IRS/spectra/IRSX006100/r14195712/enhanced/SPITZER_S5_14195712_01_merge.tbl
SWIFTJ1306.4m4025A,https://irsa.ipac.caltech.edu/data/SPITZER/Enhanced/IRS/spectra/IRSX007200/r18942720/enhanced/SPITZER_S5_18942720_01_merge.tbl
SWIFTJ1306.4m4025B,null
SWIFTJ1309.2p1139,https://irsa.ipac.caltech.edu/data/SPITZER/Enhanced/IRS/spectra/IRSX011400/r26490880/enhanced/SPITZER_S5_26490880_01_merge.tbl
SWIFTJ1310.9m5553,null
SWIFTJ1312.1m5631,null
SWIFTJ1310.7p0834,null
SWIFTJ1313.1m1108,https://irsa.ipac.caltech.edu/data/SPITZER/Enhanced/IRS/spectra/IRSX006100/r14195968/enhanced/SPITZER_S5_14195968_01_merge.tbl
SWIFTJ1313.6p3650A,null
SWIFTJ1313.6p3650B,null
SWIFTJ1315.8p4420,null
SWIFTJ1316.9m7155,null
SWIFTJ1321.2p0859,null
SWIFTJ1322.2m1641,https://irsa.ipac.caltech.edu/data/SPITZER/Enhanced/IRS/spectra/IRSX008000/r20367616/enhanced/SPITZER_S5_20367616_01_merge.tbl
SWIFTJ1325.4m4301,https://irsa.ipac.caltech.edu/data/SPITZER/Enhanced/IRS/spectra/IRSX002800/r8766464/enhanced/SPITZER_S5_8766464_01_merge.tbl
SWIFTJ1331.2m2524,null
SWIFTJ1331.6m0504,null
SWIFTJ1332.0m7754,https://irsa.ipac.caltech.edu/data/SPITZER/Enhanced/IRS/spectra/IRSX010600/r26359552/enhanced/SPITZER_S5_26359552_01_merge.tbl
SWIFTJ1333.5m3401,null
SWIFTJ1334.8m2328,null
SWIFTJ1336.0p0304,null
SWIFTJ1335.8m3416,https://irsa.ipac.caltech.edu/data/SPITZER/Enhanced/IRS/spectra/IRSX003400/r4849920/enhanced/SPITZER_S5_4849920_01_merge.tbl
SWIFTJ1337.7m1253,null
SWIFTJ1338.2p0433,https://irsa.ipac.caltech.edu/data/SPITZER/Enhanced/IRS/spectra/IRSX008300/r18946304/enhanced/SPITZER_S5_18946304_01_merge.tbl
SWIFTJ1341.2m1439,null
SWIFTJ1341.5p6742,null
SWIFTJ1341.2p3023,null
SWIFTJ1341.9p3537,https://irsa.ipac.caltech.edu/data/SPITZER/Enhanced/IRS/spectra/IRSX010100/r22089216/enhanced/SPITZER_S5_22089216_01_merge.tbl
SWIFTJ1344.7p1934,null
SWIFTJ1345.5p4139,null
SWIFTJ1346.4p1924,null
SWIFTJ1347.1p7325,null
SWIFTJ1347.4m6033,null
SWIFTJ1347.7p0212,null
SWIFTJ1349.3m3018,https://irsa.ipac.caltech.edu/data/SPITZER/Enhanced/IRS/spectra/IRSX008300/r18506496/enhanced/SPITZER_S5_18506496_01_merge.tbl
SWIFTJ1349.7p0209,https://irsa.ipac.caltech.edu/data/SPITZER/Enhanced/IRS/spectra/IRSX009400/r26497024/enhanced/SPITZER_S5_26497024_01_merge.tbl
SWIFTJ1351.5m1814,null
SWIFTJ1352.8p6917,https://irsa.ipac.caltech.edu/data/SPITZER/Enhanced/IRS/spectra/IRSX001900/r7616512/enhanced/SPITZER_S5_7616512_01_merge.tbl
SWIFTJ1353.7m1122,null
SWIFTJ1354.1m3748,null
SWIFTJ1354.5p1326,null
SWIFTJ1355.6p3524,null
SWIFTJ1356.1p3832,null
SWIFTJ1355.9p1822,https://irsa.ipac.caltech.edu/data/SPITZER/Enhanced/IRS/spectra/IRSX002600/r4980736/enhanced/SPITZER_S5_4980736_01_merge.tbl
SWIFTJ1356.6m1932,null
SWIFTJ1408.1m3024,null
SWIFTJ1410.9m4229,null
SWIFTJ1412.9m6522,https://irsa.ipac.caltech.edu/data/SPITZER/Enhanced/IRS/spectra/IRSX002800/r9074176/enhanced/SPITZER_S5_9074176_01_merge.tbl
SWIFTJ1413.2m0312,https://irsa.ipac.caltech.edu/data/SPITZER/Enhanced/IRS/spectra/IRSX008300/r18512896/enhanced/SPITZER_S5_18512896_01_merge.tbl
SWIFTJ1416.9m1158,null
SWIFTJ1416.9m4640,null
SWIFTJ1417.7p6143,null
SWIFTJ1417.7p2539,null
SWIFTJ1417.9p2507,https://irsa.ipac.caltech.edu/data/SPITZER/Enhanced/IRS/spectra/IRSX003500/r4855296/enhanced/SPITZER_S5_4855296_01_merge.tbl
SWIFTJ1419.0m2639,https://irsa.ipac.caltech.edu/data/SPITZER/Enhanced/IRS/spectra/IRSX009400/r26491136/enhanced/SPITZER_S5_26491136_01_merge.tbl
SWIFTJ1421.4p4747,null
SWIFTJ1424.2p2435,null
SWIFTJ1427.5p1949,null
SWIFTJ1428.7p4234,null
SWIFTJ1429.2p0118,https://irsa.ipac.caltech.edu/data/SPITZER/Enhanced/IRS/spectra/IRSX004500/r10451712/enhanced/SPITZER_S5_10451712_01_merge.tbl
SWIFTJ1431.2p2816,null
SWIFTJ1432.8m4412,https://irsa.ipac.caltech.edu/data/SPITZER/Enhanced/IRS/spectra/IRSX003500/r4855552/enhanced/SPITZER_S5_4855552_01_merge.tbl
SWIFTJ1433.9p0528,https://irsa.ipac.caltech.edu/data/SPITZER/Enhanced/IRS/spectra/IRSX005200/r4855808/enhanced/SPITZER_S5_4855808_01_merge.tbl
SWIFTJ1434.9p4837,null
SWIFTJ1436.4p5846,null
SWIFTJ1436.8m1615,null
SWIFTJ1439.2p1417,null
SWIFTJ1441.4p5341,https://irsa.ipac.caltech.edu/data/SPITZER/Enhanced/IRS/spectra/IRSX006800/r17643008/enhanced/SPITZER_S5_17643008_01_merge.tbl
SWIFTJ1442.5m1715,https://irsa.ipac.caltech.edu/data/SPITZER/Enhanced/IRS/spectra/IRSX008300/r18945536/enhanced/SPITZER_S5_18945536_01_merge.tbl
SWIFTJ1445.6p2702,null
SWIFTJ1446.7m6416,null
SWIFTJ1448.7m4009,null
SWIFTJ1449.5p8602,null
SWIFTJ1451.0m5540A,null
SWIFTJ1451.0m5540B,null
SWIFTJ1453.3p2558,null
SWIFTJ1454.9m5133,null
SWIFTJ1457.8m4308,https://irsa.ipac.caltech.edu/data/SPITZER/Enhanced/IRS/spectra/IRSX011100/r21929984/enhanced/SPITZER_S5_21929984_01_merge.tbl
SWIFTJ1458.9p7143,https://irsa.ipac.caltech.edu/data/SPITZER/Enhanced/IRS/spectra/IRSX004100/r11304704/enhanced/SPITZER_S5_11304704_01_merge.tbl
SWIFTJ1504.2p1025,https://irsa.ipac.caltech.edu/data/SPITZER/Enhanced/IRS/spectra/IRSX002800/r3761664/enhanced/SPITZER_S5_3761664_01_merge.tbl
SWIFTJ1506.7p0353A,https://irsa.ipac.caltech.edu/data/SPITZER/Enhanced/IRS/spectra/IRSX007300/r15079168/enhanced/SPITZER_S5_15079168_01_merge.tbl
SWIFTJ1506.7p0353B,null
SWIFTJ1508.6m4953,null
SWIFTJ1508.8m0013,https://irsa.ipac.caltech.edu/data/SPITZER/Enhanced/IRS/spectra/IRSX007300/r15080960/enhanced/SPITZER_S5_15080960_01_merge.tbl
SWIFTJ1512.0m2119,null
SWIFTJ1512.2m1053A,null
SWIFTJ1512.2m1053B,null
SWIFTJ1512.8m0906,https://irsa.ipac.caltech.edu/data/SPITZER/Enhanced/IRS/spectra/IRSX008300/r18982400/enhanced/SPITZER_S5_18982400_01_merge.tbl
SWIFTJ1513.8m8125,null
SWIFTJ1515.0p4205,https://irsa.ipac.caltech.edu/data/SPITZER/Enhanced/IRS/spectra/IRSX008900/r22090240/enhanced/SPITZER_S5_22090240_01_merge.tbl
SWIFTJ1519.6p6538,null
SWIFTJ1521.8p0334,https://irsa.ipac.caltech.edu/data/SPITZER/Enhanced/IRS/spectra/IRSX007300/r15083008/enhanced/SPITZER_S5_15083008_01_merge.tbl
SWIFTJ1523.5p6340,null
SWIFTJ1530.0m1300,null
SWIFTJ1533.2m0836,null
SWIFTJ1535.9p5751,https://irsa.ipac.caltech.edu/data/SPITZER/Enhanced/IRS/spectra/IRSX006000/r14200320/enhanced/SPITZER_S5_14200320_01_merge.tbl
SWIFTJ1542.0m1410,null
SWIFTJ1546.3p6928,null
SWIFTJ1547.5p2050,https://irsa.ipac.caltech.edu/data/SPITZER/Enhanced/IRS/spectra/IRSX004500/r10828800/enhanced/SPITZER_S5_10828800_01_merge.tbl
SWIFTJ1548.1m6406,null
SWIFTJ1548.5m1344,null
SWIFTJ1553.6p2347,null
SWIFTJ1553.6p2606,null
SWIFTJ1557.8m7913,https://irsa.ipac.caltech.edu/data/SPITZER/Enhanced/IRS/spectra/IRSX010600/r23022848/enhanced/SPITZER_S5_23022848_01_merge.tbl
SWIFTJ1605.9m7250,null
SWIFTJ1607.2p4834,null
SWIFTJ1607.4p8502,null
SWIFTJ1613.2m6043,null
SWIFTJ1614.0p6544,https://irsa.ipac.caltech.edu/data/SPITZER/Enhanced/IRS/spectra/IRSX005800/r14201344/enhanced/SPITZER_S5_14201344_01_merge.tbl
SWIFTJ1617.8p3223,null
SWIFTJ1618.7m5930,null
SWIFTJ1621.2p8104,null
SWIFTJ1625.9p4349,null
SWIFTJ1626.5m2951,null
SWIFTJ1626.7p8530,null
SWIFTJ1628.1p5145,null
SWIFTJ1629.9p6722,null
SWIFTJ1630.5p3925,null
SWIFTJ1631.7p2353,null
SWIFTJ1635.0m5804,null
SWIFTJ1643.2p7036,null
SWIFTJ1643.1p3951,null
SWIFTJ1648.0m3037,null
SWIFTJ1650.5p0434,null
SWIFTJ1652.0m5915A,https://irsa.ipac.caltech.edu/data/SPITZER/Enhanced/IRS/spectra/IRSX008100/r17643264/enhanced/SPITZER_S5_17643264_01_merge.tbl
SWIFTJ1652.0m5915B,https://irsa.ipac.caltech.edu/data/SPITZER/Enhanced/IRS/spectra/IRSX010300/r22090752/enhanced/SPITZER_S5_22090752_01_merge.tbl
SWIFTJ1652.3p5554,null
SWIFTJ1652.9p0223,https://irsa.ipac.caltech.edu/data/SPITZER/Enhanced/IRS/spectra/IRSX002800/r4985600/enhanced/SPITZER_S5_4985600_01_merge.tbl
SWIFTJ1653.2p2352,null
SWIFTJ1654.0p3946,https://irsa.ipac.caltech.edu/data/SPITZER/Enhanced/IRS/spectra/IRSX010400/r26490624/enhanced/SPITZER_S5_26490624_01_merge.tbl
SWIFTJ1656.1m5200,null
SWIFTJ1656.3m3302,null
SWIFTJ1708.6p2155,null
SWIFTJ1717.1m6249,https://irsa.ipac.caltech.edu/data/SPITZER/Enhanced/IRS/spectra/IRSX010300/r22091264/enhanced/SPITZER_S5_22091264_01_merge.tbl
SWIFTJ1719.7p4900,https://irsa.ipac.caltech.edu/data/SPITZER/Enhanced/IRS/spectra/IRSX004600/r13374720/enhanced/SPITZER_S5_13374720_01_merge.tbl
SWIFTJ1721.7p4316,null
SWIFTJ1723.2p3418,https://irsa.ipac.caltech.edu/data/SPITZER/Enhanced/IRS/spectra/IRSX005300/r14022400/enhanced/SPITZER_S5_14022400_01_merge.tbl
SWIFTJ1723.5p3630,null
SWIFTJ1731.3p1442,null
SWIFTJ1733.3p3635,null
SWIFTJ1737.5m2908,null
SWIFTJ1737.7m5956A,null
SWIFTJ1737.7m5956B,null
SWIFTJ1741.9m1211,null
SWIFTJ1742.1m6054,null
SWIFTJ1742.2p1833,null
SWIFTJ1743.4p6253,null
SWIFTJ1745.4p2906,null
SWIFTJ1747.7m2253,null
SWIFTJ1747.8p6837A,https://irsa.ipac.caltech.edu/data/SPITZER/Enhanced/IRS/spectra/IRSX005200/r14450688/enhanced/SPITZER_S5_14450688_01_merge.tbl
SWIFTJ1747.8p6837B,null
SWIFTJ1748.8m3257,null
SWIFTJ1751.8m6019,null
SWIFTJ1800.3p6637,https://irsa.ipac.caltech.edu/data/SPITZER/Enhanced/IRS/spectra/IRSX010400/r27304448/enhanced/SPITZER_S5_27304448_01_merge.tbl
SWIFTJ1802.8m1455,null
SWIFTJ1807.9p1124,null
SWIFTJ1816.0p4236,null
SWIFTJ1822.0p6421,https://irsa.ipac.caltech.edu/data/SPITZER/Enhanced/IRS/spectra/IRSX003000/r4676096/enhanced/SPITZER_S5_4676096_01_merge.tbl
SWIFTJ1821.6p5953,null
SWIFTJ1824.3m5624,null
SWIFTJ1824.2p1845,null
SWIFTJ1825.7p7215,null
SWIFTJ1826.1m0710,null
SWIFTJ1826.8p3254,null
SWIFTJ1829.4p4846,https://irsa.ipac.caltech.edu/data/SPITZER/Enhanced/IRS/spectra/IRSX003000/r4581888/enhanced/SPITZER_S5_4581888_01_merge.tbl
SWIFTJ1830.8p0928,null
SWIFTJ1833.7m2105,https://irsa.ipac.caltech.edu/data/SPITZER/Enhanced/IRS/spectra/IRSX010600/r26905856/enhanced/SPITZER_S5_26905856_01_merge.tbl
SWIFTJ1835.0p3240,https://irsa.ipac.caltech.edu/data/SPITZER/Enhanced/IRS/spectra/IRSX007300/r11306496/enhanced/SPITZER_S5_11306496_01_merge.tbl
SWIFTJ1836.9m5924,https://irsa.ipac.caltech.edu/data/SPITZER/Enhanced/IRS/spectra/IRSX009800/r18507520/enhanced/SPITZER_S5_18507520_01_merge.tbl
SWIFTJ1838.4m6524,https://irsa.ipac.caltech.edu/data/SPITZER/Enhanced/IRS/spectra/IRSX009800/r18505728/enhanced/SPITZER_S5_18505728_01_merge.tbl
SWIFTJ1842.0p7945,https://irsa.ipac.caltech.edu/data/SPITZER/Enhanced/IRS/spectra/IRSX002900/r4673024/enhanced/SPITZER_S5_4673024_01_merge.tbl
SWIFTJ1844.5m6221,https://irsa.ipac.caltech.edu/data/SPITZER/Enhanced/IRS/spectra/IRSX010400/r26489088/enhanced/SPITZER_S5_26489088_01_merge.tbl
SWIFTJ1845.4p7211,null
SWIFTJ1852.2p8424A,null
SWIFTJ1852.2p8424B,null
SWIFTJ1848.0m7832,https://irsa.ipac.caltech.edu/data/SPITZER/Enhanced/IRS/spectra/IRSX003000/r4848384/enhanced/SPITZER_S5_4848384_01_merge.tbl
SWIFTJ1852.8p3002,null
SWIFTJ1856.5m7851,null
SWIFTJ1856.1p1539,null
SWIFTJ1856.6m5443,null
SWIFTJ1856.2m7829,null
SWIFTJ1903.9p3349,null
SWIFTJ1905.4p4231,null
SWIFTJ1913.3m5010,null
SWIFTJ1919.4m2958,null
SWIFTJ1921.1m5842,https://irsa.ipac.caltech.edu/data/SPITZER/Enhanced/IRS/spectra/IRSX010400/r26489856/enhanced/SPITZER_S5_26489856_01_merge.tbl
SWIFTJ1925.0p5041,null
SWIFTJ1926.9p4140,null
SWIFTJ1928.0p7356,null
SWIFTJ1930.5p3414,null
SWIFTJ1933.9p3258,null
SWIFTJ1937.5m0613,null
SWIFTJ1938.1m5108,null
SWIFTJ1940.4m3015,null
SWIFTJ1942.6m1024,https://irsa.ipac.caltech.edu/data/SPITZER/Enhanced/IRS/spectra/IRSX010400/r22091776/enhanced/SPITZER_S5_22091776_01_merge.tbl
SWIFTJ1943.5p2120,null
SWIFTJ1947.3p4447,null
SWIFTJ1952.4p0237,null
SWIFTJ1959.4p4044,https://irsa.ipac.caltech.edu/data/SPITZER/Enhanced/IRS/spectra/IRSX003100/r4673280/enhanced/SPITZER_S5_4673280_01_merge.tbl
SWIFTJ1959.6p6507,https://irsa.ipac.caltech.edu/data/SPITZER/Enhanced/IRS/spectra/IRSX009400/r26491648/enhanced/SPITZER_S5_26491648_01_merge.tbl
SWIFTJ2001.0m1811,null
SWIFTJ2006.5p5619,null
SWIFTJ2007.0m3433,null
SWIFTJ2009.0m6103,null
SWIFTJ2009.6m4851,https://irsa.ipac.caltech.edu/data/SPITZER/Enhanced/IRS/spectra/IRSX003000/r4670464/enhanced/SPITZER_S5_4670464_01_merge.tbl
SWIFTJ2010.6m2521,null
SWIFTJ2010.7p4801,null
SWIFTJ2011.5m1544,null
SWIFTJ2015.2p2526,null
SWIFTJ2015.9p3715,null
SWIFTJ2018.4m5539,null
SWIFTJ2018.8p4041,null
SWIFTJ2021.9p4400,null
SWIFTJ2024.0m0246,null
SWIFTJ2027.1m0220,null
SWIFTJ2028.5p2543,https://irsa.ipac.caltech.edu/data/SPITZER/Enhanced/IRS/spectra/IRSX007500/r20349184/enhanced/SPITZER_S5_20349184_01_merge.tbl
SWIFTJ2029.4m6149,null
SWIFTJ2030.2m7532,null
SWIFTJ2033.4p2147,null
SWIFTJ2034.0m0943,null
SWIFTJ2035.2p2604,null
SWIFTJ2035.6m5013,null
SWIFTJ2040.2m5126,null
SWIFTJ2042.3p7507,null
SWIFTJ2044.0p2832,null
SWIFTJ2044.2m1045,https://irsa.ipac.caltech.edu/data/SPITZER/Enhanced/IRS/spectra/IRSX007600/r18508288/enhanced/SPITZER_S5_18508288_01_merge.tbl
SWIFTJ2048.4p3815,null
SWIFTJ2052.0m5704,https://irsa.ipac.caltech.edu/data/SPITZER/Enhanced/IRS/spectra/IRSX007500/r18506752/enhanced/SPITZER_S5_18506752_01_merge.tbl
SWIFTJ2056.0m4713,null
SWIFTJ2059.6p4301B,null
SWIFTJ2102.6m2810,null
SWIFTJ2109.1m0942,null
SWIFTJ2109.2p3531,null
SWIFTJ2114.4p8206,null
SWIFTJ2116.3p2512,null
SWIFTJ2117.5p5139,null
SWIFTJ2118.9p3336,null
SWIFTJ2123.6p2506,https://irsa.ipac.caltech.edu/data/SPITZER/Enhanced/IRS/spectra/IRSX005200/r11307264/enhanced/SPITZER_S5_11307264_01_merge.tbl
SWIFTJ2124.6p5057,null
SWIFTJ2127.4p5654,null
SWIFTJ2129.1m1538,https://irsa.ipac.caltech.edu/data/SPITZER/Enhanced/IRS/spectra/IRSX005800/r14757888/enhanced/SPITZER_S5_14757888_01_merge.tbl
SWIFTJ2132.0m3343,null
SWIFTJ2134.9m2729,null
SWIFTJ2156.1p4728,null
SWIFTJ2135.5m6222,null
SWIFTJ2136.8m6444,null
SWIFTJ2137.8m1433,null
SWIFTJ2138.8m3207,null
SWIFTJ2139.7p5951,null
SWIFTJ2145.5p1101,null
SWIFTJ2148.0p0657,null
SWIFTJ2148.3m3454,https://irsa.ipac.caltech.edu/data/SPITZER/Enhanced/IRS/spectra/IRSX007600/r18507008/enhanced/SPITZER_S5_18507008_01_merge.tbl
SWIFTJ2150.2m1855,null
SWIFTJ2152.0m3030,null
SWIFTJ2156.2p1724,null
SWIFTJ2157.2m6942,null
SWIFTJ2157.4m0615,null
SWIFTJ2200.9p1032,https://irsa.ipac.caltech.edu/data/SPITZER/Enhanced/IRS/spectra/IRSX011400/r26490112/enhanced/SPITZER_S5_26490112_01_merge.tbl
SWIFTJ2201.9p5057,null
SWIFTJ2201.9m3152,https://irsa.ipac.caltech.edu/data/SPITZER/Enhanced/IRS/spectra/IRSX003100/r4856064/enhanced/SPITZER_S5_4856064_01_merge.tbl
SWIFTJ2202.8p4218,https://irsa.ipac.caltech.edu/data/SPITZER/Enhanced/IRS/spectra/IRSX002500/r4670208/enhanced/SPITZER_S5_4670208_01_merge.tbl
SWIFTJ2203.0p3146,https://irsa.ipac.caltech.edu/data/SPITZER/Enhanced/IRS/spectra/IRSX010000/r22198016/enhanced/SPITZER_S5_22198016_01_merge.tbl
SWIFTJ2204.7p0337,null
SWIFTJ2207.3p1013,https://irsa.ipac.caltech.edu/data/SPITZER/Enhanced/IRS/spectra/IRSX011400/r25407488/enhanced/SPITZER_S5_25407488_01_merge.tbl
SWIFTJ2209.1m2747,https://irsa.ipac.caltech.edu/data/SPITZER/Enhanced/IRS/spectra/IRSX011400/r26872320/enhanced/SPITZER_S5_26872320_01_merge.tbl
SWIFTJ2209.4m4711,https://irsa.ipac.caltech.edu/data/SPITZER/Enhanced/IRS/spectra/IRSX003100/r4856320/enhanced/SPITZER_S5_4856320_01_merge.tbl
SWIFTJ2211.7p1843,https://irsa.ipac.caltech.edu/data/SPITZER/Enhanced/IRS/spectra/IRSX006800/r14202112/enhanced/SPITZER_S5_14202112_01_merge.tbl
SWIFTJ2214.2m2557,null
SWIFTJ2217.0p1413,https://irsa.ipac.caltech.edu/data/SPITZER/Enhanced/IRS/spectra/IRSX006000/r14202368/enhanced/SPITZER_S5_14202368_01_merge.tbl
SWIFTJ2219.7p2614,null
SWIFTJ2223.8p1143,null
SWIFTJ2223.9m0207,https://irsa.ipac.caltech.edu/data/SPITZER/Enhanced/IRS/spectra/IRSX004000/r10830080/enhanced/SPITZER_S5_10830080_01_merge.tbl
SWIFTJ2226.8p3628,null
SWIFTJ2229.9p6646,null
SWIFTJ2229.7m0831,null
SWIFTJ2232.5p1141,https://irsa.ipac.caltech.edu/data/SPITZER/Enhanced/IRS/spectra/IRSX008200/r18980096/enhanced/SPITZER_S5_18980096_01_merge.tbl
SWIFTJ2234.8m2542,null
SWIFTJ2235.9m2602,https://irsa.ipac.caltech.edu/data/SPITZER/Enhanced/IRS/spectra/IRSX004000/r4856576/enhanced/SPITZER_S5_4856576_01_merge.tbl
SWIFTJ2235.9p3358,https://irsa.ipac.caltech.edu/data/SPITZER/Enhanced/IRS/spectra/IRSX004000/r10989568/enhanced/SPITZER_S5_10989568_01_merge.tbl
SWIFTJ2237.0p2543,null
SWIFTJ2236.7m1233,https://irsa.ipac.caltech.edu/data/SPITZER/Enhanced/IRS/spectra/IRSX011400/r26495488/enhanced/SPITZER_S5_26495488_01_merge.tbl
SWIFTJ2240.2p0801,https://irsa.ipac.caltech.edu/data/SPITZER/Enhanced/IRS/spectra/IRSX004100/r10871296/enhanced/SPITZER_S5_10871296_01_merge.tbl
SWIFTJ2242.4m3711,null
SWIFTJ2243.2m4539,null
SWIFTJ2246.0p3941,https://irsa.ipac.caltech.edu/data/SPITZER/Enhanced/IRS/spectra/IRSX004100/r11301632/enhanced/SPITZER_S5_11301632_01_merge.tbl
SWIFTJ2248.7m5109,https://irsa.ipac.caltech.edu/data/SPITZER/Enhanced/IRS/spectra/IRSX005000/r10496512/enhanced/SPITZER_S5_10496512_01_merge.tbl
SWIFTJ2248.8p1725,null
SWIFTJ2250.7m0854,null
SWIFTJ2251.9p2215,null
SWIFTJ2251.8m3210,null
SWIFTJ2253.9p1608,https://irsa.ipac.caltech.edu/data/SPITZER/Enhanced/IRS/spectra/IRSX010000/r24792320/enhanced/SPITZER_S5_24792320_01_merge.tbl
SWIFTJ2254.1m1734,null
SWIFTJ2254.2p1147A,null
SWIFTJ2254.2p1147B,null
SWIFTJ2256.5p0526,null
SWIFTJ2258.9p4054,https://irsa.ipac.caltech.edu/data/SPITZER/Enhanced/IRS/spectra/IRSX009400/r26492672/enhanced/SPITZER_S5_26492672_01_merge.tbl
SWIFTJ2259.7p2458,null
SWIFTJ2301.4m5916,null
SWIFTJ2302.1p1557,null
SWIFTJ2303.1m1837,null
SWIFTJ2303.3p0852,https://irsa.ipac.caltech.edu/data/SPITZER/Enhanced/IRS/spectra/IRSX002500/r3755008/enhanced/SPITZER_S5_3755008_01_merge.tbl
SWIFTJ2304.8m0843,https://irsa.ipac.caltech.edu/data/SPITZER/Enhanced/IRS/spectra/IRSX005200/r4856832/enhanced/SPITZER_S5_4856832_01_merge.tbl
SWIFTJ2304.9p1220,https://irsa.ipac.caltech.edu/data/SPITZER/Enhanced/IRS/spectra/IRSX008300/r22093312/enhanced/SPITZER_S5_22093312_01_merge.tbl
SWIFTJ2307.1p0433,https://irsa.ipac.caltech.edu/data/SPITZER/Enhanced/IRS/spectra/IRSX006000/r14202880/enhanced/SPITZER_S5_14202880_01_merge.tbl
SWIFTJ2307.9p2245,null
SWIFTJ2308.1p4014,null
SWIFTJ2318.4m4223,https://irsa.ipac.caltech.edu/data/SPITZER/Enhanced/IRS/spectra/IRSX003300/r3855616/enhanced/SPITZER_S5_3855616_01_merge.tbl
SWIFTJ2318.9p0013,https://irsa.ipac.caltech.edu/data/SPITZER/Enhanced/IRS/spectra/IRSX004100/r10870784/enhanced/SPITZER_S5_10870784_01_merge.tbl
SWIFTJ2320.8p6434,null
SWIFTJ2322.5m0646,null
SWIFTJ2325.5m3827,https://irsa.ipac.caltech.edu/data/SPITZER/Enhanced/IRS/spectra/IRSX011400/r26497280/enhanced/SPITZER_S5_26497280_01_merge.tbl
SWIFTJ2325.6p2157,null
SWIFTJ2327.4p1525,null
SWIFTJ2327.5p0938,null
SWIFTJ2328.9p0328,https://irsa.ipac.caltech.edu/data/SPITZER/Enhanced/IRS/spectra/IRSX009400/r26494208/enhanced/SPITZER_S5_26494208_01_merge.tbl
SWIFTJ2330.5p7124,null
SWIFTJ2333.9m2342,null
SWIFTJ2341.8p3033,https://irsa.ipac.caltech.edu/data/SPITZER/Enhanced/IRS/spectra/IRSX009400/r26494720/enhanced/SPITZER_S5_26494720_01_merge.tbl
SWIFTJ2343.9p0537,null
SWIFTJ2344.6m4246,null
SWIFTJ2346.8p5143,https://irsa.ipac.caltech.edu/data/SPITZER/Enhanced/IRS/spectra/IRSX006000/r4674560/enhanced/SPITZER_S5_4674560_01_merge.tbl
SWIFTJ2351.9m0109,https://irsa.ipac.caltech.edu/data/SPITZER/Enhanced/IRS/spectra/IRSX005200/r14027264/enhanced/SPITZER_S5_14027264_01_merge.tbl
SWIFTJ2352.2p5845,null
SWIFTJ2352.6m1707,null
SWIFTJ2359.0m3038,null
SWIFTJ2359.3m6058,https://irsa.ipac.caltech.edu/data/SPITZER/Enhanced/IRS/spectra/IRSX010800/r26416128/enhanced/SPITZER_S5_26416128_01_merge.tbl
SWIFTJ2028.5p2543,https://irsa.ipac.caltech.edu/data/SPITZER/Enhanced/IRS/spectra/IRSX007500/r20349184/enhanced/SPITZER_S5_20349184_01_merge.tbl
SWIFTJ0209.5m1010,https://irsa.ipac.caltech.edu/data/SPITZER/Enhanced/IRS/spectra/IRSX007800/r20336384/enhanced/SPITZER_S5_20336384_03_merge.tbl
SWIFTJ1652.9p0223,https://irsa.ipac.caltech.edu/data/SPITZER/Enhanced/IRS/spectra/IRSX002800/r4985600/enhanced/SPITZER_S5_4985600_01_merge.tbl
